{
  "name": "nte",
  "title": "Not The End by FumbleGDR",
  "description": "An unofficial adaptation for playing Not The End by Not The End by FumbleGDR in  Foundry Virtual Tabletop environment.",
  "version": "0.0.1",
  "author": "Gusi",
  "scripts": [],
  "esmodules": ["module/nte.mjs"],
  "styles": ["css/nte.css"],
  "packs": [],
  "languages": [
    {
      "lang": "en",
      "name": "English",
      "path": "lang/en.json"
    }, 
    {
      "lang":"es",
      "name": "Castellano",
      "path": "lang/es.json"
    }
  ],
  "socket": true,
  "gridDistance": 1,
  "gridUnits": "mt",
  "primaryTokenAttribute": null,
  "secondaryTokenAttribute": null,
  "minimumCoreVersion": "0.8.2",
  "compatibleCoreVersion": "0.8.8",
  "url": "",
  "manifest": "",
  "download": ""
}
